context,requests,variant,dynamic_relocation_copy_bytes,block_gather_copy_bytes,append_copy_bytes,largest_layer_growth_live_bytes,largest_layer_gather_output_bytes,dynamic_growth_seconds,block_gather_seconds,prefill_budget_bytes,prefill_usable_budget_bytes,prefill_active_sequences,prefill_reserved_tensor_bytes,prefill_committed_capacity_bytes,prefill_assigned_bytes,prefill_used_bytes,prefill_wasted_assigned_bytes,prefill_promised_unassigned_bytes,prefill_uncommitted_usable_bytes,prefill_free_pool_bytes,prefill_unreserved_budget_bytes
128,1,contiguous,0,0,1658880,0,0,0,0.0,25559040,25559040,1,25559040,25559040,25559040,1572864,23986176,0,0,0,0
128,1,dynamic,11268096,0,1658880,137728,0,0.032038789009675384,0.0,25559040,25559040,1,1572864,1658880,1572864,1572864,0,86016,23900160,0,23986176
128,1,block8,0,12926976,1658880,0,69120,0,0.0938702099956572,25559040,25559040,1,25559040,1671168,1572864,1572864,0,98304,23887872,23986176,0
128,1,block16,0,12926976,1658880,0,69120,0,0.0712575763463974,25559040,25559040,1,25559040,1769472,1572864,1572864,0,196608,23789568,23986176,0
128,1,block32,0,12926976,1658880,0,69120,0,0.05378095665946603,25559040,25559040,1,25559040,1966080,1572864,1572864,0,393216,23592960,23986176,0
128,2,contiguous,0,0,3317760,0,0,0,0.0,51118080,51118080,2,51118080,51118080,51118080,3145728,47972352,0,0,0,0
128,2,dynamic,22536192,0,3317760,137728,0,0.058385871117934585,0.0,51118080,51118080,2,3145728,3317760,3145728,3145728,0,172032,47800320,0,47972352
128,2,block8,0,25853952,3317760,0,69120,0,0.20659078657627106,51118080,51118080,2,51118080,3342336,3145728,3145728,0,196608,47775744,47972352,0
128,2,block16,0,25853952,3317760,0,69120,0,0.1481538792140782,51118080,51118080,2,51118080,3538944,3145728,3145728,0,393216,47579136,47972352,0
128,2,block32,0,25853952,3317760,0,69120,0,0.10436002723872662,51118080,51118080,2,51118080,3932160,3145728,3145728,0,786432,47185920,47972352,0
128,4,contiguous,0,0,6635520,0,0,0,0.0,102236160,102236160,4,102236160,102236160,102236160,6291456,95944704,0,0,0,0
128,4,dynamic,45072384,0,6635520,137728,0,0.11963878967799246,0.0,102236160,102236160,4,6291456,6635520,6291456,6291456,0,344064,95600640,0,95944704
128,4,block8,0,51707904,6635520,0,69120,0,0.3858573429752141,102236160,102236160,4,102236160,6684672,6291456,6291456,0,393216,95551488,95944704,0
128,4,block16,0,51707904,6635520,0,69120,0,0.2803812006022781,102236160,102236160,4,102236160,7077888,6291456,6291456,0,786432,95158272,95944704,0
128,4,block32,0,51707904,6635520,0,69120,0,0.21190073946490884,102236160,102236160,4,102236160,7864320,6291456,6291456,0,1572864,94371840,95944704,0
128,8,contiguous,0,0,13271040,0,0,0,0.0,204472320,204472320,8,204472320,204472320,204472320,12582912,191889408,0,0,0,0
128,8,dynamic,90144768,0,13271040,137728,0,0.23567665601149201,0.0,204472320,204472320,8,12582912,13271040,12582912,12582912,0,688128,191201280,0,191889408
128,8,block8,0,103415808,13271040,0,69120,0,0.8010022514499724,204472320,204472320,8,204472320,13369344,12582912,12582912,0,786432,191102976,191889408,0
128,8,block16,0,103415808,13271040,0,69120,0,0.5923327151685953,204472320,204472320,8,204472320,14155776,12582912,12582912,0,1572864,190316544,191889408,0
128,8,block32,0,103415808,13271040,0,69120,0,0.4419440298806876,204472320,204472320,8,204472320,15728640,12582912,12582912,0,3145728,188743680,191889408,0
256,1,contiguous,0,0,3231744,0,0,0,0.0,25559040,25559040,1,25559040,25559040,25559040,3145728,22413312,0,0,0,0
256,1,dynamic,22278144,0,3231744,268800,0,0.030682497890666127,0.0,25559040,25559040,1,3145728,3231744,3145728,3145728,0,86016,22327296,0,22413312
256,1,block8,0,25509888,3231744,0,134656,0,0.1667151590809226,25559040,25559040,1,25559040,3244032,3145728,3145728,0,98304,22315008,22413312,0
256,1,block16,0,25509888,3231744,0,134656,0,0.0994367441162467,25559040,25559040,1,25559040,3342336,3145728,3145728,0,196608,22216704,22413312,0
256,1,block32,0,25509888,3231744,0,134656,0,0.07069190847687423,25559040,25559040,1,25559040,3538944,3145728,3145728,0,393216,22020096,22413312,0
256,2,contiguous,0,0,6463488,0,0,0,0.0,51118080,51118080,2,51118080,51118080,51118080,6291456,44826624,0,0,0,0
256,2,dynamic,44556288,0,6463488,268800,0,0.06370503711514175,0.0,51118080,51118080,2,6291456,6463488,6291456,6291456,0,172032,44654592,0,44826624
256,2,block8,0,51019776,6463488,0,134656,0,0.3362435318995267,51118080,51118080,2,51118080,6488064,6291456,6291456,0,196608,44630016,44826624,0
256,2,block16,0,51019776,6463488,0,134656,0,0.1941023946274072,51118080,51118080,2,51118080,6684672,6291456,6291456,0,393216,44433408,44826624,0
256,2,block32,0,51019776,6463488,0,134656,0,0.13651827746070921,51118080,51118080,2,51118080,7077888,6291456,6291456,0,786432,44040192,44826624,0
256,4,contiguous,0,0,12926976,0,0,0,0.0,102236160,102236160,4,102236160,102236160,102236160,12582912,89653248,0,0,0,0
256,4,dynamic,89112576,0,12926976,268800,0,0.1222654094453901,0.0,102236160,102236160,4,12582912,12926976,12582912,12582912,0,344064,89309184,0,89653248
256,4,block8,0,102039552,12926976,0,134656,0,0.656624840805307,102236160,102236160,4,102236160,12976128,12582912,12582912,0,393216,89260032,89653248,0
256,4,block16,0,102039552,12926976,0,134656,0,0.39368897094391286,102236160,102236160,4,102236160,13369344,12582912,12582912,0,786432,88866816,89653248,0
256,4,block32,0,102039552,12926976,0,134656,0,0.2807140527293086,102236160,102236160,4,102236160,14155776,12582912,12582912,0,1572864,88080384,89653248,0
256,8,contiguous,0,0,25853952,0,0,0,0.0,204472320,204472320,8,204472320,204472320,204472320,25165824,179306496,0,0,0,0
256,8,dynamic,178225152,0,25853952,268800,0,0.2420061903540045,0.0,204472320,204472320,8,25165824,25853952,25165824,25165824,0,688128,178618368,0,179306496
256,8,block8,0,204079104,25853952,0,134656,0,1.3216190719977021,204472320,204472320,8,204472320,25952256,25165824,25165824,0,786432,178520064,179306496,0
256,8,block16,0,204079104,25853952,0,134656,0,0.7791599303018302,204472320,204472320,8,204472320,26738688,25165824,25165824,0,1572864,177733632,179306496,0
256,8,block32,0,204079104,25853952,0,134656,0,0.563086619367823,204472320,204472320,8,204472320,28311552,25165824,25165824,0,3145728,176160768,179306496,0
512,1,contiguous,0,0,6377472,0,0,0,0.0,25559040,25559040,1,25559040,25559040,25559040,6291456,19267584,0,0,0,0
512,1,dynamic,44298240,0,6377472,530944,0,0.030431461753323674,0.0,25559040,25559040,1,6291456,6377472,6291456,6291456,0,86016,19181568,0,19267584
512,1,block8,0,50675712,6377472,0,265728,0,0.2820021251682192,25559040,25559040,1,25559040,6389760,6291456,6291456,0,98304,19169280,19267584,0
512,1,block16,0,50675712,6377472,0,265728,0,0.16326845134608448,25559040,25559040,1,25559040,6488064,6291456,6291456,0,196608,19070976,19267584,0
512,1,block32,0,50675712,6377472,0,265728,0,0.10227816342376173,25559040,25559040,1,25559040,6684672,6291456,6291456,0,393216,18874368,19267584,0
512,2,contiguous,0,0,12754944,0,0,0,0.0,51118080,51118080,2,51118080,51118080,51118080,12582912,38535168,0,0,0,0
512,2,dynamic,88596480,0,12754944,530944,0,0.06201987620443106,0.0,51118080,51118080,2,12582912,12754944,12582912,12582912,0,172032,38363136,0,38535168
512,2,block8,0,101351424,12754944,0,265728,0,0.5656395209953189,51118080,51118080,2,51118080,12779520,12582912,12582912,0,196608,38338560,38535168,0
512,2,block16,0,101351424,12754944,0,265728,0,0.3288043213542551,51118080,51118080,2,51118080,12976128,12582912,12582912,0,393216,38141952,38535168,0
512,2,block32,0,101351424,12754944,0,265728,0,0.20738761010579765,51118080,51118080,2,51118080,13369344,12582912,12582912,0,786432,37748736,38535168,0
512,4,contiguous,0,0,25509888,0,0,0,0.0,102236160,102236160,4,102236160,102236160,102236160,25165824,77070336,0,0,0,0
512,4,dynamic,177192960,0,25509888,530944,0,0.1358298324048519,0.0,102236160,102236160,4,25165824,25509888,25165824,25165824,0,344064,76726272,0,77070336
512,4,block8,0,202702848,25509888,0,265728,0,1.127748265862465,102236160,102236160,4,102236160,25559040,25165824,25165824,0,393216,76677120,77070336,0
512,4,block16,0,202702848,25509888,0,265728,0,0.631755260983482,102236160,102236160,4,102236160,25952256,25165824,25165824,0,786432,76283904,77070336,0
512,4,block32,0,202702848,25509888,0,265728,0,0.3870472717098892,102236160,102236160,4,102236160,26738688,25165824,25165824,0,1572864,75497472,77070336,0
512,8,contiguous,0,0,51019776,0,0,0,0.0,204472320,204472320,8,204472320,204472320,204472320,50331648,154140672,0,0,0,0
512,8,dynamic,354385920,0,51019776,530944,0,0.24960095761343837,0.0,204472320,204472320,8,50331648,51019776,50331648,50331648,0,688128,153452544,0,154140672
512,8,block8,0,405405696,51019776,0,265728,0,2.2416870472952724,204472320,204472320,8,204472320,51118080,50331648,50331648,0,786432,153354240,154140672,0
512,8,block16,0,405405696,51019776,0,265728,0,1.3016156745143235,204472320,204472320,8,204472320,51904512,50331648,50331648,0,1572864,152567808,154140672,0
512,8,block32,0,405405696,51019776,0,265728,0,0.8262380671221763,204472320,204472320,8,204472320,53477376,50331648,50331648,0,3145728,150994944,154140672,0
1024,1,contiguous,0,0,12668928,0,0,0,0.0,25559040,25559040,1,25559040,25559040,25559040,12582912,12976128,0,0,0,0
1024,1,dynamic,88338432,0,12668928,1055232,0,0.03516600024886429,0.0,25559040,25559040,1,12582912,12668928,12582912,12582912,0,86016,12890112,0,12976128
1024,1,block8,0,101007360,12668928,0,527872,0,0.5666115367785096,25559040,25559040,1,25559040,12681216,12582912,12582912,0,98304,12877824,12976128,0
1024,1,block16,0,101007360,12668928,0,527872,0,0.29288258613087237,25559040,25559040,1,25559040,12779520,12582912,12582912,0,196608,12779520,12976128,0
1024,1,block32,0,101007360,12668928,0,527872,0,0.1578482431359589,25559040,25559040,1,25559040,12976128,12582912,12582912,0,393216,12582912,12976128,0
1024,2,contiguous,0,0,25337856,0,0,0,0.0,51118080,51118080,2,51118080,51118080,51118080,25165824,25952256,0,0,0,0
1024,2,dynamic,176676864,0,25337856,1055232,0,0.06738136243075132,0.0,51118080,51118080,2,25165824,25337856,25165824,25165824,0,172032,25780224,0,25952256
1024,2,block8,0,202014720,25337856,0,527872,0,1.1315787003841251,51118080,51118080,2,51118080,25362432,25165824,25165824,0,196608,25755648,25952256,0
1024,2,block16,0,202014720,25337856,0,527872,0,0.5701371114701033,51118080,51118080,2,51118080,25559040,25165824,25165824,0,393216,25559040,25952256,0
1024,2,block32,0,202014720,25337856,0,527872,0,0.3269542471971363,51118080,51118080,2,51118080,25952256,25165824,25165824,0,786432,25165824,25952256,0
1024,4,contiguous,0,0,50675712,0,0,0,0.0,102236160,102236160,4,102236160,102236160,102236160,50331648,51904512,0,0,0,0
1024,4,dynamic,353353728,0,50675712,1055232,0,0.13973557762801647,0.0,102236160,102236160,4,50331648,50675712,50331648,50331648,0,344064,51560448,0,51904512
1024,4,block8,0,404029440,50675712,0,527872,0,2.1947848999407142,102236160,102236160,4,102236160,50724864,50331648,50331648,0,393216,51511296,51904512,0
1024,4,block16,0,404029440,50675712,0,527872,0,1.2312117391265929,102236160,102236160,4,102236160,51118080,50331648,50331648,0,786432,51118080,51904512,0
1024,4,block32,0,404029440,50675712,0,527872,0,0.7177191737573594,102236160,102236160,4,102236160,51904512,50331648,50331648,0,1572864,50331648,51904512,0
1024,8,contiguous,0,0,101351424,0,0,0,0.0,204472320,204472320,8,204472320,204472320,204472320,100663296,103809024,0,0,0,0
1024,8,dynamic,706707456,0,101351424,1055232,0,0.2828374074306339,0.0,204472320,204472320,8,100663296,101351424,100663296,100663296,0,688128,103120896,0,103809024
1024,8,block8,0,808058880,101351424,0,527872,0,4.56702454155311,204472320,204472320,8,204472320,101449728,100663296,100663296,0,786432,103022592,103809024,0
1024,8,block16,0,808058880,101351424,0,527872,0,3.414990504272282,204472320,204472320,8,204472320,102236160,100663296,100663296,0,1572864,102236160,103809024,0
1024,8,block32,0,808058880,101351424,0,527872,0,1.2816480533219874,204472320,204472320,8,204472320,103809024,100663296,100663296,0,3145728,100663296,103809024,0
2048,1,contiguous,0,0,25251840,0,0,0,0.0,25559040,25559040,1,25559040,25559040,25559040,25165824,393216,0,0,0,0
2048,1,dynamic,176418816,0,25251840,2103808,0,0.037562420591712,0.0,25559040,25559040,1,25165824,25251840,25165824,25165824,0,86016,307200,0,393216
2048,1,block8,0,201670656,25251840,0,1052160,0,1.1300459562335163,25559040,25559040,1,25559040,25264128,25165824,25165824,0,98304,294912,393216,0
2048,1,block16,0,201670656,25251840,0,1052160,0,0.8245585346594453,25559040,25559040,1,25559040,25362432,25165824,25165824,0,196608,196608,393216,0
2048,1,block32,0,201670656,25251840,0,1052160,0,0.2842850324232131,25559040,25559040,1,25559040,25559040,25165824,25165824,0,393216,0,393216,0
2048,2,contiguous,0,0,50503680,0,0,0,0.0,51118080,51118080,2,51118080,51118080,51118080,50331648,786432,0,0,0,0
2048,2,dynamic,352837632,0,50503680,2103808,0,0.09851785399951041,0.0,51118080,51118080,2,50331648,50503680,50331648,50331648,0,172032,614400,0,786432
2048,2,block8,0,403341312,50503680,0,1052160,0,2.0750209141988307,51118080,51118080,2,51118080,50528256,50331648,50331648,0,196608,589824,786432,0
2048,2,block16,0,403341312,50503680,0,1052160,0,1.2475628522224724,51118080,51118080,2,51118080,50724864,50331648,50331648,0,393216,393216,786432,0
2048,2,block32,0,403341312,50503680,0,1052160,0,0.6005097362212837,51118080,51118080,2,51118080,51118080,50331648,50331648,0,786432,0,786432,0
2048,4,contiguous,0,0,101007360,0,0,0,0.0,102236160,102236160,4,102236160,102236160,102236160,100663296,1572864,0,0,0,0
2048,4,dynamic,705675264,0,101007360,2103808,0,0.1791402876842767,0.0,102236160,102236160,4,100663296,101007360,100663296,100663296,0,344064,1228800,0,1572864
2048,4,block8,0,806682624,101007360,0,1052160,0,4.279066409682855,102236160,102236160,4,102236160,101056512,100663296,100663296,0,393216,1179648,1572864,0
2048,4,block16,0,806682624,101007360,0,1052160,0,2.3386961666401476,102236160,102236160,4,102236160,101449728,100663296,100663296,0,786432,786432,1572864,0
2048,4,block32,0,806682624,101007360,0,1052160,0,1.2522682908456773,102236160,102236160,4,102236160,102236160,100663296,100663296,0,1572864,0,1572864,0
2048,8,contiguous,0,0,202014720,0,0,0,0.0,204472320,204472320,8,204472320,204472320,204472320,201326592,3145728,0,0,0,0
2048,8,dynamic,1411350528,0,202014720,2103808,0,0.3539502923376858,0.0,204472320,204472320,8,201326592,202014720,201326592,201326592,0,688128,2457600,0,3145728
2048,8,block8,0,1613365248,202014720,0,1052160,0,8.213618021924049,204472320,204472320,8,204472320,202113024,201326592,201326592,0,786432,2359296,3145728,0
2048,8,block16,0,1613365248,202014720,0,1052160,0,4.838290697429329,204472320,204472320,8,204472320,202899456,201326592,201326592,0,1572864,1572864,3145728,0
2048,8,block32,0,1613365248,202014720,0,1052160,0,2.5510753341950476,204472320,204472320,8,204472320,204472320,201326592,201326592,0,3145728,0,3145728,0
