context,requests,variant,aggregate_decode_tokens_per_second_median,aggregate_decode_tokens_per_second_minimum,aggregate_decode_tokens_per_second_maximum,mean_request_ttft_seconds_median,mean_request_ttft_seconds_minimum,mean_request_ttft_seconds_maximum,mean_request_tpot_seconds_median,mean_request_tpot_seconds_minimum,mean_request_tpot_seconds_maximum,generation_seconds_median,generation_seconds_minimum,generation_seconds_maximum
128,1,stock,43.24531696058154,13.961979183450493,46.54317214430513,0.0433897499460727,0.042833416955545545,0.16753312502987683,0.023157125006296804,0.021486672572791576,0.07162476197949477,0.2054416665341705,0.1932455829810351,0.6689064588863403
128,1,contiguous,46.0811832307471,42.58804509270432,48.9108883632806,0.043554812436923385,0.043198582949116826,0.0521397499833256,0.02172387792130134,0.020446493988856673,0.023481970287061164,0.1954706454416737,0.18640533299185336,0.21609012503176928
128,1,dynamic,46.13534549827769,41.0939502977564,48.087147825197356,0.04402685456443578,0.043249000096693635,0.053165874909609556,0.02167741964305086,0.02079644044195967,0.02433586902251201,0.19576879206579179,0.18882408319041133,0.22242487501353025
128,1,block8,33.68597567580939,30.84022537812366,34.78050597316212,0.04747341643087566,0.04645166709087789,0.06051345798186958,0.029691559495404363,0.028752886856506978,0.03242679758529578,0.2559224993456155,0.24772187508642673,0.28420304181054235
128,1,block16,37.02429131057251,18.0460393076065,39.39262200746899,0.045815792051143944,0.04537870897911489,0.05435162503272295,0.027012431495157738,0.025386660725676587,0.0554147439875773,0.2349319369532168,0.22365587507374585,0.43358554202131927
128,1,block32,38.190565236123106,21.589579016548576,43.12272148433,0.05730245844461024,0.04461645777337253,0.06539083295501769,0.026186589301297705,0.023190630998994623,0.04632046426247273,0.23646747891325504,0.20719099999405444,0.3832302079536021
128,2,stock,47.53166558173512,42.306159021642195,49.56598781703256,0.07516946928808466,0.063550875056535,0.07943649997469038,0.0436339479056187,0.041938955280264575,0.04875686307371195,0.3928567291004583,0.3662250409834087,0.4266460840590298
128,2,contiguous,49.98441755409338,46.00688952639959,51.68286153169882,0.07405477098654956,0.06356104160659015,0.08044970815535635,0.04154452382187758,0.040283077429713945,0.04486598806189639,0.372157895937562,0.36534787504933774,0.4008047499228269
128,2,dynamic,48.85275225227541,47.10051468619643,49.191581853880336,0.06961144745582715,0.0633211878594011,0.16014856251422316,0.0426040149011117,0.042179761853601255,0.043930598301813006,0.37946993741206825,0.3681107498705387,0.4683737501036376
128,2,block8,36.09698306214631,31.955578667296606,37.42779689713918,0.0804077920038253,0.06880291702691466,0.08540818793699145,0.05669729910524828,0.05479391070548445,0.06356660715703454,0.4896703335689381,0.4808497920166701,0.5287080421112478
128,2,block16,38.424293339271095,32.92070753489055,41.442152328223166,0.07875367702217773,0.06685689545702189,0.0822412499692291,0.053343061033436764,0.04965069349522569,0.061008312506601214,0.4627159375231713,0.4371760420035571,0.5131715000607073
128,2,block32,43.11929127175742,40.76687830869415,46.01925249259213,0.0754641979583539,0.06441658339463174,0.07846208359114826,0.04783974257796737,0.044919877994938615,0.05044014879968017,0.41662543709389865,0.3891166248358786,0.44027341715991497
128,4,stock,48.38257204699793,44.46553317485161,50.93516043964976,0.11305973469279706,0.1113915832247585,0.11948267713887617,0.08709017560717516,0.08313203721939187,0.09378666664373927,0.7533384376438335,0.7224664171226323,0.8042412921786308
128,4,contiguous,48.607157182031955,46.160446888300854,53.342875719311934,0.1183373125968501,0.1074438754003495,0.12251828063745052,0.08707537946923237,0.0797697648938213,0.09119306996996913,0.7501183749409392,0.7079175000544637,0.7899192909244448
128,4,dynamic,47.49149028507488,39.24359604737684,50.768040407601674,0.11613208329072222,0.11345805233577266,0.11846161435823888,0.08895109370600299,0.08335890032217971,0.1047380580400516,0.769135624403134,0.7281877498608083,0.8871542501728982
128,4,block8,34.82371596517001,29.786258319843512,38.24155318602864,0.12434482763637789,0.11759623943362385,0.12952146853785962,0.11793051939457655,0.1081052589745793,0.13657690031686798,0.9953200835734606,0.9176927090156823,1.1308968749362975
128,4,block16,41.19688098378582,37.512532809457,41.65026278109702,0.11995423963526264,0.11801834352081642,0.13134555227588862,0.10117728572056096,0.10016279315043773,0.11054787796456367,0.8652974994620308,0.8536809580400586,0.9325772079173476
128,4,block32,45.493167781734286,41.987492969502824,46.51919431115853,0.11968574477941729,0.11891319829737768,0.12215303158154711,0.09226240329527563,0.09019797471618013,0.09951150745785396,0.7974338755011559,0.78231833409518,0.8490152501035482
128,8,stock,49.636009982012695,43.391466688145066,51.72682538847323,0.19873161183204502,0.19483922407380305,0.2008861766080372,0.17176589919004723,0.16560643680194126,0.1943655275556791,1.4707482284866273,1.4220982089173049,1.6346106249839067
128,8,contiguous,51.20377120688452,49.469334676469316,53.32800053760852,0.20413881778949872,0.19707357822335325,0.2069467808760237,0.16738747955033823,0.1611804873433097,0.17236107886752247,1.4389433960895985,1.394697583047673,1.482116124825552
128,8,dynamic,47.26760683832764,44.70548366494922,50.293155924727586,0.19732568772451486,0.19292398408288136,0.20062417688313872,0.1797512098211363,0.1689597313982501,0.18918354683306202,1.5249482500366867,1.4536043340340257,1.5993339160922915
128,8,block8,36.44876867469526,29.348461538716375,37.5891052643092,0.23021386688924395,0.21154529650812037,0.26523611933225766,0.22763567598095896,0.2217837529647763,0.27977050297860323,1.9286120623582974,1.8541834999341518,2.329363290918991
128,8,block16,40.78974247195332,36.81019603105116,42.447454522277404,0.20623386978695635,0.2042028595751617,0.2076690054673236,0.20534579092262512,0.19746430805701362,0.22608301635149733,1.7255580625496805,1.671636417042464,1.8781879160087556
128,8,block32,43.92753246509898,41.04268577057537,46.44112403768132,0.20330297105829231,0.20070589586975984,0.2059207609272562,0.19181790216368558,0.1820587708207313,0.20441652379564143,1.623416770948097,1.5496236248873174,1.7149650829378515
256,1,stock,45.515350813088745,43.86524911894229,45.97440702636808,0.07702602108474821,0.07636987511068583,0.08795762504450977,0.02197316663140165,0.021752416721678207,0.022798154702676193,0.23512812494300306,0.2289225000422448,0.2402245420962572
256,1,contiguous,46.110137819148136,41.253294696519205,47.28298716387265,0.07664204202592373,0.07528487499803305,0.08874962502159178,0.0216921190065997,0.021150303572150215,0.024242148834413717,0.2286640623351559,0.224522708915174,0.24497991683892906
256,1,dynamic,44.89132396130871,43.423576848304464,45.868541236656625,0.07735437504015863,0.07652704208157957,0.08602449996396899,0.022277208361109455,0.021802499990112016,0.02303002984263003,0.23533556261099875,0.22914454201236367,0.24205574998632073
256,1,block8,28.303817508341876,26.47479999978936,28.474697007832567,0.08449104195460677,0.08406670787371695,0.0938883749768138,0.035333095218188,0.03511991072446108,0.037772809454639046,0.3391962079331279,0.33015850000083447,0.34872125019319355
256,1,block16,35.165854730239616,33.34010724156425,35.87074752912708,0.08074393752031028,0.08017070800997317,0.09598212502896786,0.028439348214305937,0.027878958266228437,0.02999533330356436,0.27948189550079405,0.2758739579003304,0.3032609580550343
256,1,block32,38.40025675581124,35.22159510136223,39.41748455718311,0.07881125004496425,0.07823808281682432,0.09166187490336597,0.02604320236215634,0.025370523865733827,0.028394107141398957,0.2659861034480855,0.2566309170797467,0.2773060000035912
256,2,stock,47.60662981189786,44.62226659004016,49.011570869845514,0.12456671870313585,0.12216554209589958,0.12686691631097347,0.04591844789683819,0.044703672640025616,0.048688577338387926,0.45558222895488143,0.44756154087372124,0.4729447499848902
256,2,contiguous,49.03238887530931,42.73253721747352,50.383710989955524,0.1236098749213852,0.11449052148964256,0.12631764612160623,0.04472594494499,0.04375447322880583,0.05075657136538731,0.44572743750177324,0.4395009169820696,0.4792732500936836
256,2,dynamic,48.84830108484768,43.95671675684164,49.805314565717396,0.12681889545638114,0.11410570854786783,0.1280253540026024,0.04490161163266748,0.04411424107716552,0.049385044657226124,0.4511888123815879,0.444745457964018,0.4698021251242608
256,2,block8,28.795389143730688,27.047752289974472,29.640278183675825,0.13313045830000192,0.12369804212357849,0.1403798966202885,0.07281887347510617,0.0708873660603006,0.07721689885615238,0.6609168956056237,0.6388664999976754,0.6908782920800149
256,2,block16,36.4010306560625,34.74334801180183,37.261579933755804,0.13164245843654498,0.12689077097456902,0.1349906879477203,0.0585929152189887,0.05746255657036922,0.06148913100228778,0.5550011879531667,0.5441683339886367,0.5778595830779523
256,2,block32,39.829426280200806,38.73582416289588,40.953594640225155,0.12803292699391022,0.11745745805092156,0.1312255001394078,0.05395471281372011,0.05264336605822401,0.05528959227792386,0.5182643750449643,0.49914270802401006,0.5255700000561774
256,4,stock,49.998195484037645,48.3057964295725,50.4507610714884,0.1982704532565549,0.19677928171586245,0.19998711411608383,0.09183933777967468,0.09130542706199257,0.09456368004404275,0.8684852919541299,0.8636912498623133,0.8903806249145418
256,4,contiguous,51.037142108972276,48.803908405502185,52.146402640577264,0.198118854110362,0.19592842715792358,0.2022538126911968,0.09029972395676719,0.08841805953332889,0.09374369646788441,0.8597772289067507,0.8486912921071053,0.8805382088758051
256,4,dynamic,49.620495473357934,47.960887878083305,50.34335743089553,0.19871698404313065,0.1968513227184303,0.20161192666273564,0.09248783184531412,0.0913069702219218,0.09517125599917822,0.8756310414755717,0.8643595830071718,0.8965796248521656
256,4,block8,29.564826580358194,28.573356546578445,30.441178265592406,0.21605498480494134,0.21144606277812272,0.22093550022691488,0.1455827611456958,0.14198170686306966,0.14996253871192622,1.2895774164935574,1.2576802091207355,1.3193948750849813
256,4,block16,37.54675025426957,36.71112264165396,38.14433271179325,0.20894915095414035,0.20521640655351803,0.2131042182445526,0.11687724254859079,0.1158548466794725,0.12035162650447871,1.0693953335285187,1.0602713329717517,1.0935159579385072
256,4,block32,41.8124405444801,38.482900962670186,43.16244833807077,0.20306564582278952,0.20262219838332385,0.2054584895959124,0.1068498936157474,0.10406996729683929,0.11434440774610266,0.9870934375794604,0.9677775839809328,1.0442019591573626
256,8,stock,49.834279659324665,45.73130739135376,51.087329537026605,0.34710935413022526,0.3445104534330312,0.3515933486924041,0.18791489621383206,0.1840421026655739,0.20135150819883815,1.729706562589854,1.7057342501357198,1.8264080840162933
256,8,contiguous,51.00504484092208,40.38261931543425,52.50707820669772,0.35690415638964623,0.3445408796542324,0.3771613849385176,0.18386895464417258,0.18025429388425046,0.2258742492912071,1.7113601670134813,1.678565250011161,2.0243371659889817
256,8,dynamic,49.0491548224995,48.04121419796351,50.79969455050762,0.3455633099656552,0.34313185431528836,0.35252484848024324,0.19065723771304227,0.18479408483835869,0.19318287798419728,1.748056646087207,1.7032357919961214,1.769231584155932
256,8,block8,29.2586746315606,28.59515757706269,29.580921529338774,0.37978582305368036,0.3788978903030511,0.3866647974064108,0.2976659471668037,0.2945210379298909,0.3028548630494957,2.5819994170451537,2.565641334047541,2.6215979158878326
256,8,block16,37.555018446166144,37.15073642231907,38.346496788934104,0.3671412084950134,0.36085408861981705,0.36976018745917827,0.23902409151612247,0.23488665029539593,0.24126194346380153,2.130807937006466,2.1022962499409914,2.14694479200989
256,8,block32,42.51345090089756,40.79907660910583,43.01416788869852,0.3572496822744142,0.35341446846723557,0.35923322892631404,0.21421968302456662,0.2120180825877469,0.2220367715885264,1.9405778540531173,1.9198984161484987,1.9953295839950442
512,1,stock,46.00337562506243,42.087268041531814,46.316731116250715,0.15499468753114343,0.154212832916528,0.16426920797675848,0.021738708368502557,0.021591493992933204,0.02376195226263787,0.3092073539737612,0.3062333748675883,0.3206833328586072
512,1,contiguous,46.47358620839056,42.67282247789141,47.234344774806814,0.16076331248041242,0.15562575007788837,0.16793408314697444,0.02151921428074794,0.021172071441209743,0.02343588086244251,0.311687667039223,0.30389145808294415,0.3297291658818722
512,1,dynamic,44.02755829903262,36.90308452997145,44.90667446255857,0.1554750205250457,0.15495841694064438,0.16659133392386138,0.022715812499102737,0.02226935712886708,0.027099714281835725,0.3199584169778973,0.3111086250282824,0.35393383307382464
512,1,block8,20.47734588551726,19.470578720597977,21.069228237319294,0.1784098750213161,0.16723445802927017,0.1825230831746012,0.04883639878659908,0.04746526785727058,0.05136106542444655,0.518849250045605,0.5089553750585765,0.5396487079560757
512,1,block16,28.49995528100294,27.03466856529387,28.706476018427807,0.16352535400073975,0.16074995906092227,0.1713353330269456,0.03508926791671131,0.034836577284815054,0.03699099997590695,0.4089612294919789,0.4072622910607606,0.43027233285829425
512,1,block32,34.50376679483365,33.15578533919389,34.8785499422648,0.16305583354551345,0.15810241689905524,0.1724671251140535,0.02898366072414709,0.02867243455589882,0.03016220242716372,0.3646203124662861,0.3609456669073552,0.38360254210419953
512,2,stock,46.86829360801015,44.8055081463189,48.71148686259221,0.2399146561510861,0.23050302057527006,0.24098381295334548,0.052036455350129726,0.05057967264604356,0.05418642257739391,0.6093790829181671,0.6037201250437647,0.6299054999835789
512,2,contiguous,46.705843987794665,43.095139031907856,48.21819428148037,0.238402291724924,0.23234075005166233,0.2438928751507774,0.052358989570555944,0.051033967274374196,0.05595511306143765,0.6164034169632941,0.6020960409659892,0.6424819580279291
512,2,dynamic,45.52801018123034,44.766001777385355,47.842066517015944,0.24029496870934963,0.23177308298181742,0.24388970842119306,0.053486019323047786,0.05138481842420463,0.05422311598834183,0.6262426249450073,0.6010935408994555,0.6284927499946207
512,2,block8,21.475742845410075,20.862398132224854,22.2599153610935,0.263764395902399,0.2614739580312744,0.27633270842488855,0.10188384971115738,0.0986530505553154,0.10480738991671906,0.998399208416231,0.9892995418049395,1.017890791874379
512,2,block16,28.725959037122585,25.963310297147178,29.54038590127642,0.24837146897334605,0.24361352156847715,0.2511071868939325,0.07874034375085362,0.07689850592786181,0.08605099100220416,0.8139403545064852,0.8056535408832133,0.8657646251376718
512,2,block32,36.0449493696503,35.916364911254156,36.42584016364533,0.2443130729952827,0.24300012539606541,0.24684322834946215,0.06472249997646681,0.06429819942318968,0.06497531244531274,0.7109562294790521,0.7075564169790596,0.7119839580263942
512,4,stock,46.84204646232066,45.58108356528657,49.439890893774184,0.3938154220522847,0.3912520838784985,0.3992502390174195,0.11383925895955013,0.10921372170560062,0.11644394047159169,1.2255583750084043,1.184819292044267,1.2374126659706235
512,4,contiguous,48.59947944854486,46.50192068489342,50.02753007238841,0.4044106825022027,0.39606303127948195,0.41153680230490863,0.11071286755447676,0.10864913838616173,0.11418669052155955,1.2114706878783181,1.1858729999512434,1.235664416803047
512,4,dynamic,45.90446513689272,38.981071923810354,48.76647313846274,0.39552679125336,0.3878232605056837,0.4000411358429119,0.11577220014130164,0.11059401189309678,0.13093013843587997,1.2344881454482675,1.1926283750217408,1.3447637499775738
512,4,block8,21.585333023465033,21.28010537453319,21.8513021423193,0.4410306097997818,0.43518868705723435,0.44605220860103145,0.21154974626759732,0.20937848813732024,0.21406044193177617,1.9880664586089551,1.9740298329852521,2.012638500193134
512,4,block16,29.84341072886702,28.941760069353784,30.402059085608453,0.41320507298223674,0.41182588518131524,0.420271395589225,0.16135835786865627,0.15896016371802293,0.16522109368816018,1.594109958037734,1.5743970829062164,1.620814082911238
512,4,block32,35.889017375444396,34.94755865098857,37.11730237456454,0.40130977611988783,0.400216291367542,0.4064188853953965,0.13926582143592114,0.1356562544242479,0.14236061306603784,1.4158575835172087,1.3904633328784257,1.4419389578979462
512,8,stock,48.91671245004485,45.88835865454228,50.51807339866092,0.6996404453529976,0.6986451715929434,0.7162572450761218,0.23076759525325283,0.22480340554362296,0.24416252155372475,2.3846472916193306,2.339672082802281,2.492812667042017
512,8,contiguous,50.42468767025652,43.48286488861768,52.220648095093736,0.7283653983467957,0.7015781975351274,0.8130145783070475,0.22583516182826965,0.22009654615041135,0.2496702827297018,2.4160522504244,2.3075355000328273,2.6395314580295235
512,8,dynamic,48.955697168931174,44.95957501726718,50.38658962730567,0.7021642472682288,0.6988750880991574,0.7186090882751159,0.23161203422517115,0.22519983331689478,0.2479569836286828,2.391239457880147,2.3433165829628706,2.5176820000633597
512,8,block8,21.468054354056854,17.51084349683542,21.957456614360236,0.7892577059537871,0.7714872081705835,0.8261487495037727,0.4331452105813826,0.42551648657120367,0.5191651064129214,4.004292437573895,3.9269382918719202,4.562068791827187
512,8,block16,28.47726581018422,24.89455101489075,30.206015806490885,0.7355962319707032,0.7312030471221078,0.7443967607978266,0.34558775744517334,0.3289251674224423,0.3843309367699216,3.2700891454005614,3.146849833894521,3.546809834195301
512,8,block32,36.65890625179346,36.06019218810177,37.058758811606886,0.72026016410382,0.715809380315477,0.7369518276827876,0.2833089880982048,0.2806294055356245,0.28684182667971725,2.794852937455289,2.7776200419757515,2.8416720000095665
1024,1,stock,41.25543574309139,39.38609256302928,42.463478446199765,0.37462756247259676,0.3662658338434994,0.3752462500706315,0.024240755925088057,0.023551178563918387,0.025391583430713842,0.543748291907832,0.5360291248653084,0.5458144580479711
1024,1,contiguous,41.921347603296496,41.277032886146465,43.05616790116029,0.37713216652628034,0.3672817498445511,0.38143770792521536,0.02385616972709873,0.023226726134972914,0.024228267837315798,0.5452970205806196,0.5298783329781145,0.5501086248550564
1024,1,dynamic,39.17561353939773,38.525721487918034,42.288747502003375,0.3765200830530375,0.36679862486198545,0.3800735839176923,0.0255283899272659,0.02364829758049122,0.025958065542259386,0.5504450624575838,0.5393070001155138,0.561211708933115
1024,1,block8,14.628926883143556,13.897580613132634,14.99027771099731,0.4018690624507144,0.3927389590535313,0.40540291578508914,0.06835931850530738,0.06671148215952728,0.07195685112050601,0.8818901248741895,0.8707719170488417,0.8976536670234054
1024,1,block16,20.918815695189295,20.38720397655289,21.388133158859947,0.3896107915788889,0.3776800420600921,0.3942015408538282,0.04780572621218328,0.046756428599889786,0.04905204770953527,0.7233547499636188,0.7127726669423282,0.7286229589954019
1024,1,block32,27.81055788990526,27.308418887231273,28.372847581903837,0.37675695854704827,0.37146212509833276,0.3830349170602858,0.03595950291492045,0.03524664287189288,0.03662063683649259,0.6282924375263974,0.6232799170538783,0.6376537079922855
1024,2,stock,41.49799070740656,26.916753196539972,45.21681465591821,0.5633969897171482,0.5600879795383662,0.5645012914901599,0.07303912796279682,0.06877250593554761,0.09391297321833139,1.0850136040244251,1.055487958015874,1.2724108330439776
1024,2,contiguous,44.85055904975259,34.58030320031382,46.912638687685174,0.5633310625562444,0.5595876874867827,0.5711372710065916,0.06960858632477798,0.06720055355357804,0.08226096127847476,1.0617523125838488,1.043232124997303,1.1526929999236017
1024,2,dynamic,41.25162811382675,34.28833137004863,44.48772591275808,0.5628671353915706,0.5568066665437073,0.5648223333992064,0.07336131246328087,0.06954243150539696,0.08281792565581522,1.0882840413833037,1.053810124984011,1.1550526670180261
1024,2,block8,14.765091525882083,13.076429233864221,15.211484451094565,0.6039178647915833,0.6002431034576148,0.6121101456228644,0.1585273675404356,0.15475363693466143,0.17259420241628376,1.7485313125653192,1.720708667067811,1.8894809170160443
1024,2,block16,20.810348453366526,12.269125456925973,21.55674746256051,0.5825667812023312,0.5753909589257091,0.6824588534655049,0.12114403271282623,0.11662935114665224,0.19124024115236743,1.4666064785560593,1.417525916127488,2.0481629581190646
1024,2,block32,28.311699461159392,18.558528178755978,28.888221342920247,0.5757582809892483,0.5665277086663991,0.5780583960004151,0.09516488989382715,0.0935033094969445,0.13197110721375793,1.2545473335776478,1.2460660000797361,1.5213808747939765
1024,4,stock,44.99388250750749,39.133958503004806,46.929127589015415,0.9428716091788374,0.92666306294268,0.9659111974178813,0.1636435543020655,0.1591742216842249,0.18025953874790243,2.1195751869818196,2.070676124887541,2.2616536249406636
1024,4,contiguous,44.82442444904331,36.80512661943067,48.35667189664046,0.9384670416475274,0.9300977293169126,0.9472952397190966,0.16463065626781567,0.15691780954200243,0.1850732068248492,2.12458243756555,2.0595830001402646,2.275354207959026
1024,4,dynamic,42.11203876307836,31.64210369402198,44.411271063879056,0.9403385205660015,0.9270185108180158,0.9621674483059905,0.1698336599718979,0.1657427589359161,0.20014531843064884,2.160357479006052,2.1321012498810887,2.3640572079457343
1024,4,block8,14.956813324593053,12.896240840053352,15.241336007094485,1.0097810571314767,0.9952033755835146,1.014514104812406,0.33855609374586493,0.3333063631019156,0.381851784169807,3.488278020522557,3.4250530840363353,3.7942986669950187
1024,4,block16,20.38308064802247,17.93401818315764,22.1432344443023,0.9836455627228133,0.9793894894537516,1.0166050001862459,0.2689877827485491,0.2544275372139444,0.2975587262106793,2.9466273334110156,2.8345517918933183,3.185333666857332
1024,4,block32,28.47893364430068,25.89967152770368,30.301741790817122,0.9698142138367984,0.9462769579840824,1.0237140731769614,0.21434533334104344,0.20783248809831484,0.232246604174309,2.5474528544582427,2.4581166659481823,2.649711749982089
1024,8,stock,46.28541374257027,38.148533592011034,50.70875293687654,1.9330584791459842,1.6540503595315386,2.0013511558645405,0.3684625866714798,0.32954789511027877,0.3907189069806399,4.540568124619313,4.0307439169846475,4.802928083110601
1024,8,contiguous,48.59103749799081,45.96405344197713,50.72610801201577,1.8182502159615979,1.6532415206893347,1.9659486567834392,0.3529454077319575,0.3349793958352945,0.3737444315546392,4.404671832919121,4.073254958027974,4.569570125080645
1024,8,dynamic,42.6864365251466,39.611317482334414,48.07464275378897,1.7777119742531795,1.6435906713595614,3.444888843630906,0.3870890315967179,0.3384500275341062,0.5053130759125841,4.563940624939278,4.082471082918346,6.2890009169932455
1024,8,block8,14.005408376366287,10.435741919736952,15.583491487376957,2.3085533362755086,1.7769953960378189,3.99370420811465,0.8055589333941628,0.678242613112421,1.0838046465900593,8.719604750047438,6.746696584159508,10.561107625020668
1024,8,block16,19.271714217887062,13.086863806213541,21.619824839562718,2.0072782212373568,1.7137838280468713,5.118825828511035,0.6275287187870293,0.536374132423329,0.7864316064099381,6.423773458576761,5.627351332921535,9.890985583886504
1024,8,block32,30.243115645630233,14.215835176236356,31.143143130333215,1.9488218983460683,1.683420775923878,2.063563244882971,0.4529309222478852,0.43099904907285236,0.7340364724472498,5.246500833076425,4.839908165857196,7.328016458079219
2048,1,stock,33.34670087829791,4.202735455401584,34.88165665056218,1.130491687450558,1.015608916990459,1.7677440838888288,0.03000450001231262,0.02867123215193195,0.23794561900597597,1.366756853996776,1.220989917172119,3.4333634169306606
2048,1,contiguous,34.294647681573025,32.952470718399525,34.81793128151051,1.0256196251139045,1.006335125071928,1.1954991251695901,0.029164047562517226,0.02872260713151523,0.030349482150216187,1.2271593125769868,1.2177863749675453,1.4017746660392731
2048,1,dynamic,20.36099134708572,8.521560917907662,33.414509413106245,1.0411647501168773,1.0058107080403715,3.0635794589761645,0.0634875743583377,0.029929315438494086,0.11735212500207126,1.731080041383393,1.2306432500481606,3.273084667045623
2048,1,block8,8.949891002239099,8.45494148166142,9.417169684212094,1.0808385415002704,1.0732205838430673,4.177669791970402,0.11181465178794628,0.10619097016751766,0.11827582140852298,1.8966833960730582,1.816557375015691,4.9394917918834835
2048,1,block16,11.956679026920902,8.9619615930648,14.601007912069857,1.2452160835964605,1.0400933749042451,2.995699374936521,0.083702955345091,0.06849004171921738,0.11159534529516739,1.8468151669949293,1.5195236669387668,3.776866792002693
2048,1,block32,19.819639205790445,8.404147026326246,21.259350789284774,1.0336826664861292,1.018413082929328,1.0438838340342045,0.05058247614319303,0.047039803583174944,0.11899075600584703,1.3975635835668072,1.361040374962613,1.8638969578314573
2048,2,stock,30.538432431422375,25.515858899861673,34.469503567277975,1.578614896046929,1.5359733541263267,1.602186271105893,0.13949558932134615,0.1303339137063761,0.15012751779119882,2.5814429169986397,2.4623853750526905,2.6269300000276417
2048,2,contiguous,33.64121568631609,31.506940364258195,34.82300120977869,1.5910790209309198,1.5297908964566886,1.6088945209048688,0.13311508624714666,0.1279218957892486,0.13821738101874612,2.536043478990905,2.4383269590325654,2.5886364590842277
2048,2,dynamic,31.717912171245622,23.790312166588134,34.29742789851168,1.5895738335093483,1.531000291928649,1.6023081874009222,0.13688136160739564,0.12831487499975733,0.15615953571562255,2.56818633293733,2.4434837920125574,2.7157047919463366
2048,2,block8,8.515348899070975,7.220899809983463,8.849087887647364,1.6785462090629153,1.6044834168860689,1.7086844586301595,0.30692226046396953,0.29478094641984043,0.3477360982215032,3.8874504590639845,3.7220404997933656,4.202271042158827
2048,2,block16,12.706543840091253,11.64432330661776,14.697543581179236,1.6412224374944344,1.573236146592535,1.6733428334118798,0.2293889404723554,0.20505012500299408,0.24459583036202404,3.2819325419841334,3.0446608341298997,3.4029311249032617
2048,2,block32,19.76555901434401,17.47970987952565,20.821032811945088,1.6240556876873598,1.5486575005343184,1.6364116254262626,0.17477604614603998,0.16626103864317493,0.18750374998697744,2.8696766670327634,2.733811042038724,2.973387708887458
2048,4,stock,33.0938964439175,32.16920852188222,34.062854605025265,2.6861611247295514,2.675788832944818,2.697591801697854,0.3431542321548997,0.3401869702502154,0.3491964776434803,5.139116104110144,5.099606249947101,5.1797074161004275
2048,4,contiguous,33.92573258314128,30.636595623343784,34.754571209259176,2.66773114039097,2.6617701979121193,2.708095020498149,0.3399769315354726,0.33694600886831594,0.354221546149347,5.089453479042277,5.064312458969653,5.198255917057395
2048,4,dynamic,32.67825398032092,29.980951399895186,33.058921301687185,2.670627359417267,2.665931020397693,2.738005926774349,0.3450335535412056,0.34223797767689185,0.3565394077034268,5.128810832859017,5.105432249838486,5.216448915889487
2048,4,block8,8.316341653077277,7.907976012848699,8.827029278090773,2.8081215257116128,2.798052614554763,2.8178433849825524,0.6940911167766899,0.6689558585972658,0.7183934732373538,7.855921124457382,7.652575874933973,8.032963207922876
2048,4,block16,12.443619150170466,11.87531093219398,13.255687356257566,2.7448477394646034,2.739467176841572,2.766455822973512,0.5377050989482086,0.5184344881064524,0.5512408437539956,6.630580937489867,6.489872958045453,6.728452249895781
2048,4,block32,18.423245460906898,16.404760513868016,19.294886190797452,2.7487949947826564,2.6451365204993635,2.771994093665853,0.4331065409060102,0.4255850714398548,0.4631035550430949,5.878816124983132,5.758424999890849,6.096329875057563
2048,8,stock,36.46990054287807,27.377682470845496,37.859502607219014,4.629690476867836,4.560912828164874,4.833026979409624,0.7132190111400892,0.7029413199675868,0.8078904181810296,9.709135000011884,9.578589083859697,10.547254583099857
2048,8,contiguous,35.16482167928389,32.51432476055523,38.85301056195974,4.700496356861549,4.572632520459592,4.964316432218766,0.7393129866042207,0.6977811510566556,0.7764452001304433,10.042766229016706,9.544709499925375,10.427734208060429
2048,8,dynamic,34.527570066796585,33.035463569597184,36.21643847947806,4.777503968536621,4.562256786884973,4.815688817354385,0.7329767455147314,0.7144905810876351,0.7588053839281201,10.019865728449076,9.656249459134415,10.204420290887356
2048,8,block8,8.477495157501627,7.777540850258835,8.73122638414865,4.942994932207512,4.802518468815833,5.172810005402425,1.4319860707099514,1.3894169962981582,1.547435633177104,15.353246041573584,14.947293541859835,16.486802417086437
2048,8,block16,13.780002803264054,11.944110519674334,14.242421593169672,4.716765869699884,4.685773984150728,4.956247682624962,1.080102989973966,1.0468932045914698,1.170255473220355,12.654976708465256,12.259343374986202,13.465562042081729
2048,8,block32,20.69624339845918,19.04556873442903,21.605820099547905,4.814144091142225,4.6195347452303395,5.095186598919099,0.8890640234520626,0.859475901055183,0.9457966763210216,11.185420750058256,10.794319709064439,11.888162874849513
